SECCION;SERVICIO;PROGRAMA;ECONOMICA;DESCRIPCION;IMPORTE
60;003;29KB;2;GASTOS CORRIENTES EN BIENES Y SERVICIOS;22.949,72
60;003;29KB;29;Gastos corrientes en bienes y servicios. Mecanismo de Recuperación y Resiliencia;22.949,72
60;003;29KB;6;INVERSIONES REALES;24.050,28
60;003;29KB;69;Inversiones reales. Mecanismo de Recuperación y Resiliencia;24.050,28
60;003;29SC;2;GASTOS CORRIENTES EN BIENES Y SERVICIOS;10.000,00
60;003;29SC;29;Gastos corrientes en bienes y servicios. Mecanismo de Recuperación y Resiliencia;10.000,00
60;003;29SC;6;INVERSIONES REALES;5.000,00
60;003;29SC;69;Inversiones reales. Mecanismo de Recuperación y Resiliencia;5.000,00
60;002;31RC;6;INVERSIONES REALES;18.500,00
60;002;31RC;69;Inversiones reales. Mecanismo de Recuperación y Resiliencia;18.500,00
60;003;29SC;;C19.I03 Competencias digitales para el empleo. Gestión y Administración de la Inclusión, de la Seguridad Social y de la Migración;
